identifiant_insee,nom,type_entite,indicateur_id,type_ind,horizon,label,ref,low,median,high
54395,Nancy,commune,G1,saisonnier,2030,hiver,2.1,3.0,3.5,3.9
54395,Nancy,commune,G1,saisonnier,2030,printemps,9.7,10.3,10.8,11.3
54395,Nancy,commune,G1,saisonnier,2030,été,18.4,19.2,19.9,20.4
54395,Nancy,commune,G1,saisonnier,2030,automne,10.0,11.2,11.6,12.1
54395,Nancy,commune,G1,saisonnier,2050,hiver,2.1,3.7,4.2,5.0
54395,Nancy,commune,G1,saisonnier,2050,printemps,9.7,10.8,11.1,11.9
54395,Nancy,commune,G1,saisonnier,2050,été,18.4,20.4,20.9,21.4
54395,Nancy,commune,G1,saisonnier,2050,automne,10.0,11.9,12.4,12.7
54395,Nancy,commune,G1,saisonnier,2100,hiver,2.1,4.4,5.3,6.0
54395,Nancy,commune,G1,saisonnier,2100,printemps,9.7,12.0,12.6,13.2
54395,Nancy,commune,G1,saisonnier,2100,été,18.4,21.9,22.3,23.1
54395,Nancy,commune,G1,saisonnier,2100,automne,10.0,13.3,13.7,14.1
54395,Nancy,commune,G2,annuel,2030,,64,43,47,51
54395,Nancy,commune,G2,annuel,2050,,64,33,40,45
54395,Nancy,commune,G2,annuel,2100,,64,20,28,39
54395,Nancy,commune,G3,saisonnier,2030,hiver,209,212,248,261
54395,Nancy,commune,G3,saisonnier,2030,printemps,187,179,194,218
54395,Nancy,commune,G3,saisonnier,2030,été,200,159,191,225
54395,Nancy,commune,G3,saisonnier,2030,automne,210,200,224,255
54395,Nancy,commune,G3,saisonnier,2050,hiver,209,221,249,292
54395,Nancy,commune,G3,saisonnier,2050,printemps,187,171,202,229
54395,Nancy,commune,G3,saisonnier,2050,été,200,166,197,225
54395,Nancy,commune,G3,saisonnier,2050,automne,210,199,214,250
54395,Nancy,commune,G3,saisonnier,2100,hiver,209,224,258,334
54395,Nancy,commune,G3,saisonnier,2100,printemps,187,186,204,233
54395,Nancy,commune,G3,saisonnier,2100,été,200,140,174,221
54395,Nancy,commune,G3,saisonnier,2100,automne,210,187,221,251
54395,Nancy,commune,G4,saisonnier,2030,hiver,36,35,38,41
54395,Nancy,commune,G4,saisonnier,2030,printemps,34,32,35,39
54395,Nancy,commune,G4,saisonnier,2030,été,33,28,31,34
54395,Nancy,commune,G4,saisonnier,2030,automne,32,29,32,35
54395,Nancy,commune,G4,saisonnier,2050,hiver,36,36,38,44
54395,Nancy,commune,G4,saisonnier,2050,printemps,34,32,35,38
54395,Nancy,commune,G4,saisonnier,2050,été,33,27,31,33
54395,Nancy,commune,G4,saisonnier,2050,automne,32,28,30,33
54395,Nancy,commune,G4,saisonnier,2100,hiver,36,34,39,44
54395,Nancy,commune,G4,saisonnier,2100,printemps,34,31,34,37
54395,Nancy,commune,G4,saisonnier,2100,été,33,20,27,31
54395,Nancy,commune,G4,saisonnier,2100,automne,32,25,29,32
54395,Nancy,commune,R1,saisonnier,2030,hiver,1,1,1,2
54395,Nancy,commune,R1,saisonnier,2030,printemps,1,0,1,1
54395,Nancy,commune,R1,saisonnier,2030,été,1,1,1,2
54395,Nancy,commune,R1,saisonnier,2030,automne,1,1,2,2
54395,Nancy,commune,R1,saisonnier,2050,hiver,1,1,1,2
54395,Nancy,commune,R1,saisonnier,2050,printemps,1,0,1,1
54395,Nancy,commune,R1,saisonnier,2050,été,1,1,1,2
54395,Nancy,commune,R1,saisonnier,2050,automne,1,1,1,2
54395,Nancy,commune,R1,saisonnier,2100,hiver,1,1,2,3
54395,Nancy,commune,R1,saisonnier,2100,printemps,1,0,1,2
54395,Nancy,commune,R1,saisonnier,2100,été,1,1,1,2
54395,Nancy,commune,R1,saisonnier,2100,automne,1,1,2,2
54395,Nancy,commune,R2,annuel,2030,,20,20,22,24
54395,Nancy,commune,R2,annuel,2050,,20,21,22,24
54395,Nancy,commune,R2,annuel,2100,,20,21,24,26
54395,Nancy,commune,R4,annuel,2030,,1,0,1,5
54395,Nancy,commune,R4,annuel,2050,,1,0,3,7
54395,Nancy,commune,R4,annuel,2100,,1,0,4,15
54395,Nancy,commune,R5,saisonnier,2030,hiver,0,0,0,0
54395,Nancy,commune,R5,saisonnier,2030,printemps,0,0,0,1
54395,Nancy,commune,R5,saisonnier,2030,été,30,25,36,55
54395,Nancy,commune,R5,saisonnier,2030,automne,21,13,28,43
54395,Nancy,commune,R5,saisonnier,2050,hiver,0,0,0,1
54395,Nancy,commune,R5,saisonnier,2050,printemps,0,0,1,2
54395,Nancy,commune,R5,saisonnier,2050,été,30,23,41,54
54395,Nancy,commune,R5,saisonnier,2050,automne,21,14,35,48
54395,Nancy,commune,R5,saisonnier,2100,hiver,0,0,0,1
54395,Nancy,commune,R5,saisonnier,2100,printemps,0,0,1,3
54395,Nancy,commune,R5,saisonnier,2100,été,30,37,50,69
54395,Nancy,commune,R5,saisonnier,2100,automne,21,20,37,59
54395,Nancy,commune,S1,annuel,2030,,1,1,2,4
54395,Nancy,commune,S1,annuel,2050,,1,2,4,6
54395,Nancy,commune,S1,annuel,2100,,1,4,8,12
54395,Nancy,commune,S2,annuel,2030,,2,4,6,10
54395,Nancy,commune,S2,annuel,2050,,2,7,12,15
54395,Nancy,commune,S2,annuel,2100,,2,17,22,27
54395,Nancy,commune,S3,annuel,2030,,2,5,8,12
54395,Nancy,commune,S3,annuel,2050,,2,10,15,18
54395,Nancy,commune,S3,annuel,2100,,2,16,22,31
54395,Nancy,commune,S4,annuel,2030,,6,2,3,6
54395,Nancy,commune,S4,annuel,2050,,6,1,2,4
54395,Nancy,commune,S4,annuel,2100,,6,0,1,3
54395,Nancy,commune,AG1,saisonnier,2030,hiver,13,11,13,16
54395,Nancy,commune,AG1,saisonnier,2030,printemps,13,11,12,15
54395,Nancy,commune,AG1,saisonnier,2030,été,12,10,13,18
54395,Nancy,commune,AG1,saisonnier,2030,automne,14,13,14,17
54395,Nancy,commune,AG1,saisonnier,2050,hiver,13,10,12,15
54395,Nancy,commune,AG1,saisonnier,2050,printemps,13,11,13,15
54395,Nancy,commune,AG1,saisonnier,2050,été,12,11,14,19
54395,Nancy,commune,AG1,saisonnier,2050,automne,14,12,16,18
54395,Nancy,commune,AG1,saisonnier,2100,hiver,13,10,13,17
54395,Nancy,commune,AG1,saisonnier,2100,printemps,13,11,13,16
54395,Nancy,commune,AG1,saisonnier,2100,été,12,12,15,23
54395,Nancy,commune,AG1,saisonnier,2100,automne,14,13,15,19
54395,Nancy,commune,AG2,annuel,2030,,06/03,20/02,23/02,01/03
54395,Nancy,commune,AG2,annuel,2050,,06/03,14/02,18/02,22/02
54395,Nancy,commune,AG2,annuel,2100,,06/03,08/02,12/02,17/02
54395,Nancy,commune,AG3,annuel,2030,,2749,3026,3117,3180
54395,Nancy,commune,AG3,annuel,2050,,2749,3239,3302,3429
54395,Nancy,commune,AG3,annuel,2100,,2749,3564,3663,3741
54395,Nancy,commune,AG4,annuel,2030,,9,9,14,16
54395,Nancy,commune,AG4,annuel,2050,,9,14,17,20
54395,Nancy,commune,AG4,annuel,2100,,9,17,21,28
54395,Nancy,commune,T1,annuel,2030,,36,43,49,57
54395,Nancy,commune,T1,annuel,2050,,36,56,60,68
54395,Nancy,commune,T1,annuel,2100,,36,69,79,93
